{
  "minecraft:recipes/decorations/crafting_table": {
    "criteria": {
      "unlock_right_away": "2023-04-04 21:41:06 +0900"
    },
    "done": true
  },
  "minecraft:adventure/adventuring_time": {
    "criteria": {
      "minecraft:plains": "2023-04-04 21:41:08 +0900"
    },
    "done": false
  },
  "minecraft:recipes/misc/charcoal": {
    "criteria": {
      "has_log": "2023-04-04 22:04:18 +0900"
    },
    "done": true
  },
  "minecraft:recipes/building_blocks/oak_planks": {
    "criteria": {
      "has_logs": "2023-04-04 22:04:18 +0900"
    },
    "done": true
  },
  "minecraft:recipes/building_blocks/oak_wood": {
    "criteria": {
      "has_log": "2023-04-04 22:04:18 +0900"
    },
    "done": true
  },
  "minecraft:recipes/building_blocks/oak_slab": {
    "criteria": {
      "has_planks": "2023-04-04 22:08:39 +0900"
    },
    "done": true
  },
  "minecraft:recipes/decorations/oak_sign": {
    "criteria": {
      "has_planks": "2023-04-04 22:08:39 +0900"
    },
    "done": true
  },
  "minecraft:recipes/redstone/oak_trapdoor": {
    "criteria": {
      "has_planks": "2023-04-04 22:08:39 +0900"
    },
    "done": true
  },
  "minecraft:recipes/redstone/oak_fence_gate": {
    "criteria": {
      "has_planks": "2023-04-04 22:08:39 +0900"
    },
    "done": true
  },
  "minecraft:recipes/redstone/oak_pressure_plate": {
    "criteria": {
      "has_planks": "2023-04-04 22:08:39 +0900"
    },
    "done": true
  },
  "minecraft:recipes/redstone/oak_door": {
    "criteria": {
      "has_planks": "2023-04-04 22:08:39 +0900"
    },
    "done": true
  },
  "minecraft:recipes/misc/stick": {
    "criteria": {
      "has_planks": "2023-04-04 22:08:39 +0900"
    },
    "done": true
  },
  "minecraft:recipes/building_blocks/oak_stairs": {
    "criteria": {
      "has_planks": "2023-04-04 22:08:39 +0900"
    },
    "done": true
  },
  "minecraft:recipes/decorations/oak_fence": {
    "criteria": {
      "has_planks": "2023-04-04 22:08:39 +0900"
    },
    "done": true
  },
  "minecraft:recipes/decorations/barrel": {
    "criteria": {
      "has_planks": "2023-04-04 22:08:39 +0900"
    },
    "done": true
  },
  "minecraft:recipes/redstone/oak_button": {
    "criteria": {
      "has_planks": "2023-04-04 22:08:39 +0900"
    },
    "done": true
  },
  "minecraft:recipes/building_blocks/dark_oak_planks": {
    "criteria": {
      "has_log": "2023-04-04 22:12:02 +0900"
    },
    "done": true
  },
  "minecraft:recipes/building_blocks/dark_oak_wood": {
    "criteria": {
      "has_log": "2023-04-04 22:12:02 +0900"
    },
    "done": true
  },
  "minecraft:recipes/building_blocks/stripped_oak_wood": {
    "criteria": {
      "has_log": "2023-04-04 22:12:48 +0900"
    },
    "done": true
  },
  "minecraft:recipes/decorations/oak_hanging_sign": {
    "criteria": {
      "has_stripped_logs": "2023-04-04 22:12:48 +0900"
    },
    "done": true
  },
  "minecraft:recipes/building_blocks/jungle_planks": {
    "criteria": {
      "has_logs": "2023-04-04 22:13:04 +0900"
    },
    "done": true
  },
  "minecraft:recipes/decorations/jungle_hanging_sign": {
    "criteria": {
      "has_stripped_logs": "2023-04-04 22:13:04 +0900"
    },
    "done": true
  },
  "minecraft:recipes/building_blocks/stripped_jungle_wood": {
    "criteria": {
      "has_log": "2023-04-04 22:13:04 +0900"
    },
    "done": true
  },
  "minecraft:recipes/building_blocks/birch_planks": {
    "criteria": {
      "has_logs": "2023-04-04 22:13:13 +0900"
    },
    "done": true
  },
  "minecraft:recipes/building_blocks/stripped_birch_wood": {
    "criteria": {
      "has_log": "2023-04-04 22:13:13 +0900"
    },
    "done": true
  },
  "minecraft:recipes/decorations/birch_hanging_sign": {
    "criteria": {
      "has_stripped_logs": "2023-04-04 22:13:13 +0900"
    },
    "done": true
  },
  "minecraft:recipes/building_blocks/red_stained_glass": {
    "criteria": {
      "has_glass": "2023-04-04 22:14:49 +0900"
    },
    "done": true
  },
  "minecraft:recipes/building_blocks/light_blue_stained_glass": {
    "criteria": {
      "has_glass": "2023-04-04 22:14:49 +0900"
    },
    "done": true
  },
  "minecraft:recipes/brewing/glass_bottle": {
    "criteria": {
      "has_glass": "2023-04-04 22:14:49 +0900"
    },
    "done": true
  },
  "minecraft:recipes/building_blocks/green_stained_glass": {
    "criteria": {
      "has_glass": "2023-04-04 22:14:49 +0900"
    },
    "done": true
  },
  "minecraft:recipes/building_blocks/brown_stained_glass": {
    "criteria": {
      "has_glass": "2023-04-04 22:14:49 +0900"
    },
    "done": true
  },
  "minecraft:recipes/building_blocks/light_gray_stained_glass": {
    "criteria": {
      "has_glass": "2023-04-04 22:14:49 +0900"
    },
    "done": true
  },
  "minecraft:recipes/building_blocks/blue_stained_glass": {
    "criteria": {
      "has_glass": "2023-04-04 22:14:49 +0900"
    },
    "done": true
  },
  "minecraft:recipes/building_blocks/orange_stained_glass": {
    "criteria": {
      "has_glass": "2023-04-04 22:14:49 +0900"
    },
    "done": true
  },
  "minecraft:recipes/building_blocks/cyan_stained_glass": {
    "criteria": {
      "has_glass": "2023-04-04 22:14:49 +0900"
    },
    "done": true
  },
  "minecraft:recipes/building_blocks/pink_stained_glass": {
    "criteria": {
      "has_glass": "2023-04-04 22:14:49 +0900"
    },
    "done": true
  },
  "minecraft:recipes/building_blocks/black_stained_glass": {
    "criteria": {
      "has_glass": "2023-04-04 22:14:49 +0900"
    },
    "done": true
  },
  "minecraft:recipes/building_blocks/gray_stained_glass": {
    "criteria": {
      "has_glass": "2023-04-04 22:14:49 +0900"
    },
    "done": true
  },
  "minecraft:recipes/building_blocks/purple_stained_glass": {
    "criteria": {
      "has_glass": "2023-04-04 22:14:49 +0900"
    },
    "done": true
  },
  "minecraft:recipes/building_blocks/yellow_stained_glass": {
    "criteria": {
      "has_glass": "2023-04-04 22:14:49 +0900"
    },
    "done": true
  },
  "minecraft:recipes/building_blocks/lime_stained_glass": {
    "criteria": {
      "has_glass": "2023-04-04 22:14:49 +0900"
    },
    "done": true
  },
  "minecraft:recipes/decorations/glass_pane": {
    "criteria": {
      "has_glass": "2023-04-04 22:14:49 +0900"
    },
    "done": true
  },
  "minecraft:recipes/building_blocks/magenta_stained_glass": {
    "criteria": {
      "has_glass": "2023-04-04 22:14:49 +0900"
    },
    "done": true
  },
  "minecraft:recipes/building_blocks/white_stained_glass": {
    "criteria": {
      "has_glass": "2023-04-04 22:14:49 +0900"
    },
    "done": true
  },
  "minecraft:recipes/decorations/lime_stained_glass_pane_from_glass_pane": {
    "criteria": {
      "has_glass_pane": "2023-04-04 22:14:56 +0900"
    },
    "done": true
  },
  "minecraft:recipes/decorations/purple_stained_glass_pane_from_glass_pane": {
    "criteria": {
      "has_glass_pane": "2023-04-04 22:14:56 +0900"
    },
    "done": true
  },
  "minecraft:recipes/decorations/blue_stained_glass_pane_from_glass_pane": {
    "criteria": {
      "has_glass_pane": "2023-04-04 22:14:56 +0900"
    },
    "done": true
  },
  "minecraft:recipes/decorations/black_stained_glass_pane_from_glass_pane": {
    "criteria": {
      "has_glass_pane": "2023-04-04 22:14:56 +0900"
    },
    "done": true
  },
  "minecraft:recipes/decorations/light_gray_stained_glass_pane_from_glass_pane": {
    "criteria": {
      "has_glass_pane": "2023-04-04 22:14:56 +0900"
    },
    "done": true
  },
  "minecraft:recipes/decorations/yellow_stained_glass_pane_from_glass_pane": {
    "criteria": {
      "has_glass_pane": "2023-04-04 22:14:56 +0900"
    },
    "done": true
  },
  "minecraft:recipes/decorations/brown_stained_glass_pane_from_glass_pane": {
    "criteria": {
      "has_glass_pane": "2023-04-04 22:14:56 +0900"
    },
    "done": true
  },
  "minecraft:recipes/decorations/red_stained_glass_pane_from_glass_pane": {
    "criteria": {
      "has_glass_pane": "2023-04-04 22:14:56 +0900"
    },
    "done": true
  },
  "minecraft:recipes/decorations/magenta_stained_glass_pane_from_glass_pane": {
    "criteria": {
      "has_glass_pane": "2023-04-04 22:14:56 +0900"
    },
    "done": true
  },
  "minecraft:recipes/decorations/cyan_stained_glass_pane_from_glass_pane": {
    "criteria": {
      "has_glass_pane": "2023-04-04 22:14:56 +0900"
    },
    "done": true
  },
  "minecraft:recipes/decorations/orange_stained_glass_pane_from_glass_pane": {
    "criteria": {
      "has_glass_pane": "2023-04-04 22:14:56 +0900"
    },
    "done": true
  },
  "minecraft:recipes/decorations/light_blue_stained_glass_pane_from_glass_pane": {
    "criteria": {
      "has_glass_pane": "2023-04-04 22:14:56 +0900"
    },
    "done": true
  },
  "minecraft:recipes/decorations/green_stained_glass_pane_from_glass_pane": {
    "criteria": {
      "has_glass_pane": "2023-04-04 22:14:56 +0900"
    },
    "done": true
  },
  "minecraft:recipes/decorations/pink_stained_glass_pane_from_glass_pane": {
    "criteria": {
      "has_glass_pane": "2023-04-04 22:14:56 +0900"
    },
    "done": true
  },
  "minecraft:recipes/decorations/white_stained_glass_pane_from_glass_pane": {
    "criteria": {
      "has_glass_pane": "2023-04-04 22:14:56 +0900"
    },
    "done": true
  },
  "minecraft:recipes/decorations/gray_stained_glass_pane_from_glass_pane": {
    "criteria": {
      "has_glass_pane": "2023-04-04 22:14:56 +0900"
    },
    "done": true
  },
  "minecraft:recipes/decorations/armor_stand": {
    "criteria": {
      "has_stone_slab": "2023-04-04 22:15:29 +0900"
    },
    "done": true
  },
  "minecraft:recipes/decorations/chest": {
    "criteria": {
      "has_lots_of_items": "2023-04-04 22:18:45 +0900"
    },
    "done": true
  },
  "minecraft:recipes/decorations/brick_wall": {
    "criteria": {
      "has_bricks": "2023-04-04 22:38:30 +0900"
    },
    "done": true
  },
  "minecraft:recipes/building_blocks/brick_stairs": {
    "criteria": {
      "has_bricks": "2023-04-04 22:38:30 +0900"
    },
    "done": true
  },
  "minecraft:recipes/building_blocks/brick_slab": {
    "criteria": {
      "has_bricks": "2023-04-04 22:38:30 +0900"
    },
    "done": true
  },
  "minecraft:recipes/building_blocks/brick_slab_from_bricks_stonecutting": {
    "criteria": {
      "has_bricks": "2023-04-04 22:38:30 +0900"
    },
    "done": true
  },
  "minecraft:recipes/building_blocks/brick_stairs_from_bricks_stonecutting": {
    "criteria": {
      "has_bricks": "2023-04-04 22:38:30 +0900"
    },
    "done": true
  },
  "minecraft:recipes/decorations/brick_wall_from_bricks_stonecutting": {
    "criteria": {
      "has_bricks": "2023-04-04 22:38:30 +0900"
    },
    "done": true
  },
  "minecraft:recipes/building_blocks/chiseled_nether_bricks": {
    "criteria": {
      "has_nether_brick_slab": "2023-04-04 22:40:17 +0900"
    },
    "done": true
  },
  "minecraft:recipes/decorations/composter": {
    "criteria": {
      "has_wood_slab": "2023-04-04 23:08:21 +0900"
    },
    "done": true
  },
  "minecraft:recipes/redstone/redstone": {
    "criteria": {
      "has_redstone_block": "2023-04-06 21:41:58 +0900"
    },
    "done": true
  },
  "minecraft:recipes/misc/raw_copper": {
    "criteria": {
      "has_raw_copper_block": "2023-04-06 22:08:01 +0900"
    },
    "done": true
  },
  "minecraft:recipes/decorations/red_carpet": {
    "criteria": {
      "has_red_wool": "2023-04-06 22:09:27 +0900"
    },
    "done": true
  },
  "minecraft:recipes/decorations/red_banner": {
    "criteria": {
      "has_red_wool": "2023-04-06 22:09:27 +0900"
    },
    "done": true
  },
  "minecraft:recipes/decorations/painting": {
    "criteria": {
      "has_wool": "2023-04-06 22:09:27 +0900"
    },
    "done": true
  },
  "minecraft:recipes/decorations/red_bed": {
    "criteria": {
      "has_red_wool": "2023-04-06 22:09:27 +0900"
    },
    "done": true
  },
  "minecraft:recipes/decorations/red_glazed_terracotta": {
    "criteria": {
      "has_red_terracotta": "2023-04-06 22:10:06 +0900"
    },
    "done": true
  },
  "minecraft:recipes/redstone/redstone_lamp": {
    "criteria": {
      "has_glowstone": "2023-04-06 22:11:19 +0900"
    },
    "done": true
  },
  "minecraft:story/root": {
    "criteria": {
      "crafting_table": "2023-04-06 22:23:30 +0900"
    },
    "done": true
  },
  "minecraft:recipes/building_blocks/bookshelf": {
    "criteria": {
      "has_book": "2023-04-08 13:34:17 +0900"
    },
    "done": true
  },
  "minecraft:recipes/redstone/lectern": {
    "criteria": {
      "has_book": "2023-04-08 13:34:17 +0900"
    },
    "done": true
  },
  "minecraft:recipes/building_blocks/chiseled_bookshelf": {
    "criteria": {
      "has_book": "2023-04-08 13:34:17 +0900"
    },
    "done": true
  },
  "minecraft:recipes/misc/writable_book": {
    "criteria": {
      "has_book": "2023-04-08 13:34:17 +0900"
    },
    "done": true
  },
  "minecraft:recipes/decorations/black_carpet_from_white_carpet": {
    "criteria": {
      "has_white_carpet": "2023-04-08 13:47:07 +0900"
    },
    "done": true
  },
  "minecraft:recipes/decorations/light_blue_carpet_from_white_carpet": {
    "criteria": {
      "has_white_carpet": "2023-04-08 13:47:07 +0900"
    },
    "done": true
  },
  "minecraft:recipes/decorations/lime_carpet_from_white_carpet": {
    "criteria": {
      "has_white_carpet": "2023-04-08 13:47:07 +0900"
    },
    "done": true
  },
  "minecraft:recipes/decorations/purple_carpet_from_white_carpet": {
    "criteria": {
      "has_white_carpet": "2023-04-08 13:47:07 +0900"
    },
    "done": true
  },
  "minecraft:recipes/decorations/magenta_carpet_from_white_carpet": {
    "criteria": {
      "has_white_carpet": "2023-04-08 13:47:07 +0900"
    },
    "done": true
  },
  "minecraft:recipes/decorations/green_carpet_from_white_carpet": {
    "criteria": {
      "has_white_carpet": "2023-04-08 13:47:07 +0900"
    },
    "done": true
  },
  "minecraft:recipes/decorations/brown_carpet_from_white_carpet": {
    "criteria": {
      "has_white_carpet": "2023-04-08 13:47:07 +0900"
    },
    "done": true
  },
  "minecraft:recipes/decorations/blue_carpet_from_white_carpet": {
    "criteria": {
      "has_white_carpet": "2023-04-08 13:47:07 +0900"
    },
    "done": true
  },
  "minecraft:recipes/decorations/gray_carpet_from_white_carpet": {
    "criteria": {
      "has_white_carpet": "2023-04-08 13:47:07 +0900"
    },
    "done": true
  },
  "minecraft:recipes/decorations/pink_carpet_from_white_carpet": {
    "criteria": {
      "has_white_carpet": "2023-04-08 13:47:07 +0900"
    },
    "done": true
  },
  "minecraft:recipes/decorations/light_gray_carpet_from_white_carpet": {
    "criteria": {
      "has_white_carpet": "2023-04-08 13:47:07 +0900"
    },
    "done": true
  },
  "minecraft:recipes/decorations/orange_carpet_from_white_carpet": {
    "criteria": {
      "has_white_carpet": "2023-04-08 13:47:07 +0900"
    },
    "done": true
  },
  "minecraft:recipes/decorations/red_carpet_from_white_carpet": {
    "criteria": {
      "has_white_carpet": "2023-04-08 13:47:07 +0900"
    },
    "done": true
  },
  "minecraft:recipes/decorations/cyan_carpet_from_white_carpet": {
    "criteria": {
      "has_white_carpet": "2023-04-08 13:47:07 +0900"
    },
    "done": true
  },
  "minecraft:recipes/decorations/yellow_carpet_from_white_carpet": {
    "criteria": {
      "has_white_carpet": "2023-04-08 13:47:07 +0900"
    },
    "done": true
  },
  "minecraft:recipes/decorations/smoker": {
    "criteria": {
      "has_furnace": "2023-04-08 13:54:42 +0900"
    },
    "done": true
  },
  "minecraft:recipes/transportation/warped_fungus_on_a_stick": {
    "criteria": {
      "has_warped_fungus": "2023-04-08 14:02:13 +0900"
    },
    "done": true
  },
  "minecraft:recipes/building_blocks/nether_wart_block": {
    "criteria": {
      "has_nether_wart": "2023-04-08 14:02:46 +0900"
    },
    "done": true
  },
  "minecraft:recipes/building_blocks/red_nether_bricks": {
    "criteria": {
      "has_nether_wart": "2023-04-08 14:02:46 +0900"
    },
    "done": true
  },
  "minecraft:recipes/misc/white_dye_from_lily_of_the_valley": {
    "criteria": {
      "has_lily_of_the_valley": "2023-04-08 14:04:07 +0900"
    },
    "done": true
  },
  "minecraft:recipes/transportation/carrot_on_a_stick": {
    "criteria": {
      "has_carrot": "2023-04-08 14:04:17 +0900"
    },
    "done": true
  },
  "minecraft:recipes/brewing/magma_cream": {
    "criteria": {
      "has_blaze_powder": "2023-04-08 14:08:20 +0900"
    },
    "done": true
  },
  "minecraft:recipes/misc/ender_eye": {
    "criteria": {
      "has_blaze_powder": "2023-04-08 14:08:20 +0900"
    },
    "done": true
  },
  "minecraft:recipes/misc/fire_charge": {
    "criteria": {
      "has_blaze_powder": "2023-04-08 14:08:20 +0900"
    },
    "done": true
  },
  "minecraft:recipes/combat/bow": {
    "criteria": {
      "has_string": "2023-04-08 14:24:28 +0900"
    },
    "done": true
  },
  "minecraft:recipes/tools/fishing_rod": {
    "criteria": {
      "has_string": "2023-04-08 14:24:28 +0900"
    },
    "done": true
  },
  "minecraft:recipes/building_blocks/white_wool_from_string": {
    "criteria": {
      "has_string": "2023-04-08 14:24:28 +0900"
    },
    "done": true
  },
  "minecraft:recipes/redstone/tripwire_hook": {
    "criteria": {
      "has_string": "2023-04-08 14:24:28 +0900"
    },
    "done": true
  },
  "minecraft:recipes/combat/crossbow": {
    "criteria": {
      "has_string": "2023-04-08 14:24:28 +0900"
    },
    "done": true
  },
  "minecraft:recipes/decorations/candle": {
    "criteria": {
      "has_string": "2023-04-08 14:24:28 +0900"
    },
    "done": true
  },
  "minecraft:recipes/decorations/loom": {
    "criteria": {
      "has_string": "2023-04-08 14:24:28 +0900"
    },
    "done": true
  },
  "minecraft:recipes/redstone/lever": {
    "criteria": {
      "has_cobblestone": "2023-04-08 14:32:28 +0900"
    },
    "done": true
  },
  "minecraft:recipes/combat/stone_sword": {
    "criteria": {
      "has_cobblestone": "2023-04-08 14:32:28 +0900"
    },
    "done": true
  },
  "minecraft:recipes/decorations/cobblestone_wall": {
    "criteria": {
      "has_cobblestone": "2023-04-08 14:32:28 +0900"
    },
    "done": true
  },
  "minecraft:recipes/tools/stone_pickaxe": {
    "criteria": {
      "has_cobblestone": "2023-04-08 14:32:28 +0900"
    },
    "done": true
  },
  "minecraft:recipes/tools/stone_axe": {
    "criteria": {
      "has_cobblestone": "2023-04-08 14:32:28 +0900"
    },
    "done": true
  },
  "minecraft:story/mine_stone": {
    "criteria": {
      "get_stone": "2023-04-08 14:32:28 +0900"
    },
    "done": true
  },
  "minecraft:recipes/decorations/furnace": {
    "criteria": {
      "has_cobblestone": "2023-04-08 14:32:28 +0900"
    },
    "done": true
  },
  "minecraft:recipes/building_blocks/cobblestone_slab": {
    "criteria": {
      "has_cobblestone": "2023-04-08 14:32:28 +0900"
    },
    "done": true
  },
  "minecraft:recipes/building_blocks/cobblestone_slab_from_cobblestone_stonecutting": {
    "criteria": {
      "has_cobblestone": "2023-04-08 14:32:28 +0900"
    },
    "done": true
  },
  "minecraft:recipes/building_blocks/stone": {
    "criteria": {
      "has_cobblestone": "2023-04-08 14:32:28 +0900"
    },
    "done": true
  },
  "minecraft:recipes/decorations/cobblestone_wall_from_cobblestone_stonecutting": {
    "criteria": {
      "has_cobblestone": "2023-04-08 14:32:28 +0900"
    },
    "done": true
  },
  "minecraft:recipes/building_blocks/cobblestone_stairs_from_cobblestone_stonecutting": {
    "criteria": {
      "has_cobblestone": "2023-04-08 14:32:28 +0900"
    },
    "done": true
  },
  "minecraft:recipes/building_blocks/cobblestone_stairs": {
    "criteria": {
      "has_cobblestone": "2023-04-08 14:32:28 +0900"
    },
    "done": true
  },
  "minecraft:recipes/tools/stone_hoe": {
    "criteria": {
      "has_cobblestone": "2023-04-08 14:32:28 +0900"
    },
    "done": true
  },
  "minecraft:recipes/tools/stone_shovel": {
    "criteria": {
      "has_cobblestone": "2023-04-08 14:32:28 +0900"
    },
    "done": true
  },
  "minecraft:recipes/misc/white_dye": {
    "criteria": {
      "has_bone_meal": "2023-04-08 14:40:49 +0900"
    },
    "done": true
  },
  "minecraft:recipes/building_blocks/bone_block": {
    "criteria": {
      "has_bone_meal": "2023-04-08 14:40:49 +0900"
    },
    "done": true
  },
  "minecraft:recipes/building_blocks/cherry_planks": {
    "criteria": {
      "has_log": "2023-04-08 14:42:35 +0900"
    },
    "done": true
  },
  "minecraft:recipes/brewing/cauldron": {
    "criteria": {
      "has_water_bucket": "2023-04-08 14:46:43 +0900"
    },
    "done": true
  },
  "minecraft:recipes/transportation/mangrove_boat": {
    "criteria": {
      "in_water": "2023-04-08 14:46:45 +0900"
    },
    "done": true
  },
  "minecraft:recipes/transportation/acacia_boat": {
    "criteria": {
      "in_water": "2023-04-08 14:46:45 +0900"
    },
    "done": true
  },
  "minecraft:recipes/transportation/cherry_boat": {
    "criteria": {
      "in_water": "2023-04-08 14:46:45 +0900"
    },
    "done": true
  },
  "minecraft:recipes/transportation/bamboo_raft": {
    "criteria": {
      "in_water": "2023-04-08 14:46:45 +0900"
    },
    "done": true
  },
  "minecraft:recipes/transportation/spruce_boat": {
    "criteria": {
      "in_water": "2023-04-08 14:46:45 +0900"
    },
    "done": true
  },
  "minecraft:recipes/transportation/birch_boat": {
    "criteria": {
      "in_water": "2023-04-08 14:46:45 +0900"
    },
    "done": true
  },
  "minecraft:recipes/transportation/oak_boat": {
    "criteria": {
      "in_water": "2023-04-08 14:46:45 +0900"
    },
    "done": true
  },
  "minecraft:recipes/transportation/jungle_boat": {
    "criteria": {
      "in_water": "2023-04-08 14:46:45 +0900"
    },
    "done": true
  },
  "minecraft:recipes/transportation/dark_oak_boat": {
    "criteria": {
      "in_water": "2023-04-08 14:46:45 +0900"
    },
    "done": true
  },
  "minecraft:recipes/redstone/spruce_button": {
    "criteria": {
      "has_planks": "2023-04-08 15:19:08 +0900"
    },
    "done": true
  },
  "minecraft:recipes/redstone/spruce_pressure_plate": {
    "criteria": {
      "has_planks": "2023-04-08 15:19:08 +0900"
    },
    "done": true
  },
  "minecraft:recipes/decorations/spruce_sign": {
    "criteria": {
      "has_planks": "2023-04-08 15:19:08 +0900"
    },
    "done": true
  },
  "minecraft:recipes/redstone/spruce_trapdoor": {
    "criteria": {
      "has_planks": "2023-04-08 15:19:08 +0900"
    },
    "done": true
  },
  "minecraft:recipes/redstone/spruce_door": {
    "criteria": {
      "has_planks": "2023-04-08 15:19:08 +0900"
    },
    "done": true
  },
  "minecraft:recipes/redstone/spruce_fence_gate": {
    "criteria": {
      "has_planks": "2023-04-08 15:19:08 +0900"
    },
    "done": true
  },
  "minecraft:recipes/decorations/spruce_fence": {
    "criteria": {
      "has_planks": "2023-04-08 15:19:08 +0900"
    },
    "done": true
  },
  "minecraft:recipes/building_blocks/spruce_stairs": {
    "criteria": {
      "has_planks": "2023-04-08 15:19:08 +0900"
    },
    "done": true
  },
  "minecraft:recipes/building_blocks/spruce_slab": {
    "criteria": {
      "has_planks": "2023-04-08 15:19:08 +0900"
    },
    "done": true
  },
  "minecraft:recipes/decorations/white_stained_glass_pane": {
    "criteria": {
      "has_glass": "2023-04-08 15:22:44 +0900"
    },
    "done": true
  },
  "minecraft:recipes/decorations/light_gray_stained_glass_pane": {
    "criteria": {
      "has_glass": "2023-04-08 15:22:54 +0900"
    },
    "done": true
  },
  "minecraft:recipes/building_blocks/spruce_planks": {
    "criteria": {
      "has_logs": "2023-04-08 15:26:26 +0900"
    },
    "done": true
  },
  "minecraft:recipes/building_blocks/spruce_wood": {
    "criteria": {
      "has_log": "2023-04-08 15:26:26 +0900"
    },
    "done": true
  },
  "minecraft:recipes/misc/pink_dye_from_pink_petals": {
    "criteria": {
      "has_pink_petals": "2023-04-08 15:26:46 +0900"
    },
    "done": true
  },
  "minecraft:recipes/misc/bowl": {
    "criteria": {
      "has_red_mushroom": "2023-04-08 15:27:23 +0900"
    },
    "done": true
  },
  "minecraft:recipes/food/mushroom_stew": {
    "criteria": {
      "has_red_mushroom": "2023-04-08 15:27:23 +0900"
    },
    "done": true
  },
  "minecraft:recipes/misc/magenta_dye_from_lilac": {
    "criteria": {
      "has_lilac": "2023-04-08 15:32:23 +0900"
    },
    "done": true
  },
  "minecraft:recipes/misc/orange_dye_from_torchflower": {
    "criteria": {
      "has_torchflower": "2023-04-08 15:32:35 +0900"
    },
    "done": true
  },
  "minecraft:recipes/misc/nether_brick": {
    "criteria": {
      "has_netherrack": "2023-04-08 15:33:05 +0900"
    },
    "done": true
  },
  "minecraft:recipes/decorations/bamboo_mosaic": {
    "criteria": {
      "has_bamboo_slab": "2023-04-08 16:20:53 +0900"
    },
    "done": true
  },
  "minecraft:recipes/misc/blue_dye_from_cornflower": {
    "criteria": {
      "has_cornflower": "2023-04-08 21:55:01 +0900"
    },
    "done": true
  },
  "minecraft:recipes/misc/red_dye_from_poppy": {
    "criteria": {
      "has_poppy": "2023-04-08 21:55:04 +0900"
    },
    "done": true
  },
  "minecraft:recipes/misc/yellow_dye_from_dandelion": {
    "criteria": {
      "has_dandelion": "2023-04-08 21:55:06 +0900"
    },
    "done": true
  },
  "minecraft:recipes/building_blocks/mossy_stone_bricks_from_vine": {
    "criteria": {
      "has_vine": "2023-04-08 22:24:18 +0900"
    },
    "done": true
  },
  "minecraft:recipes/building_blocks/mossy_cobblestone_from_vine": {
    "criteria": {
      "has_vine": "2023-04-08 22:24:18 +0900"
    },
    "done": true
  },
  "minecraft:recipes/misc/creeper_banner_pattern": {
    "criteria": {
      "has_creeper_head": "2023-04-09 18:02:59 +0900"
    },
    "done": true
  },
  "minecraft:recipes/building_blocks/stone_bricks": {
    "criteria": {
      "has_stone": "2023-04-16 13:13:41 +0900"
    },
    "done": true
  },
  "minecraft:recipes/building_blocks/stone_brick_slab_from_stone_stonecutting": {
    "criteria": {
      "has_stone": "2023-04-16 13:13:41 +0900"
    },
    "done": true
  },
  "minecraft:recipes/building_blocks/stone_brick_stairs_from_stone_stonecutting": {
    "criteria": {
      "has_stone": "2023-04-16 13:13:41 +0900"
    },
    "done": true
  },
  "minecraft:nether/brew_potion": {
    "criteria": {
      "potion": "2023-04-16 13:13:41 +0900"
    },
    "done": true
  },
  "minecraft:recipes/building_blocks/stone_slab_from_stone_stonecutting": {
    "criteria": {
      "has_stone": "2023-04-16 13:13:41 +0900"
    },
    "done": true
  },
  "minecraft:recipes/building_blocks/stone_bricks_from_stone_stonecutting": {
    "criteria": {
      "has_stone": "2023-04-16 13:13:41 +0900"
    },
    "done": true
  },
  "minecraft:recipes/building_blocks/stone_slab": {
    "criteria": {
      "has_stone": "2023-04-16 13:13:41 +0900"
    },
    "done": true
  },
  "minecraft:recipes/building_blocks/chiseled_stone_bricks_stone_from_stonecutting": {
    "criteria": {
      "has_stone": "2023-04-16 13:13:41 +0900"
    },
    "done": true
  },
  "minecraft:recipes/building_blocks/stone_stairs_from_stone_stonecutting": {
    "criteria": {
      "has_stone": "2023-04-16 13:13:41 +0900"
    },
    "done": true
  },
  "minecraft:recipes/redstone/stone_button": {
    "criteria": {
      "has_stone": "2023-04-16 13:13:41 +0900"
    },
    "done": true
  },
  "minecraft:recipes/decorations/stonecutter": {
    "criteria": {
      "has_stone": "2023-04-16 13:13:41 +0900"
    },
    "done": true
  },
  "minecraft:recipes/redstone/stone_pressure_plate": {
    "criteria": {
      "has_stone": "2023-04-16 13:13:41 +0900"
    },
    "done": true
  },
  "minecraft:recipes/building_blocks/smooth_stone": {
    "criteria": {
      "has_stone": "2023-04-16 13:13:41 +0900"
    },
    "done": true
  },
  "minecraft:recipes/decorations/stone_brick_walls_from_stone_stonecutting": {
    "criteria": {
      "has_stone": "2023-04-16 13:13:41 +0900"
    },
    "done": true
  },
  "minecraft:recipes/building_blocks/stone_stairs": {
    "criteria": {
      "has_stone": "2023-04-16 13:13:41 +0900"
    },
    "done": true
  },
  "minecraft:recipes/redstone/birch_button": {
    "criteria": {
      "has_planks": "2023-04-16 15:37:25 +0900"
    },
    "done": true
  },
  "minecraft:recipes/redstone/birch_door": {
    "criteria": {
      "has_planks": "2023-04-16 15:37:25 +0900"
    },
    "done": true
  },
  "minecraft:recipes/decorations/birch_fence": {
    "criteria": {
      "has_planks": "2023-04-16 15:37:25 +0900"
    },
    "done": true
  },
  "minecraft:recipes/redstone/birch_trapdoor": {
    "criteria": {
      "has_planks": "2023-04-16 15:37:25 +0900"
    },
    "done": true
  },
  "minecraft:recipes/decorations/birch_sign": {
    "criteria": {
      "has_planks": "2023-04-16 15:37:25 +0900"
    },
    "done": true
  },
  "minecraft:recipes/redstone/birch_fence_gate": {
    "criteria": {
      "has_planks": "2023-04-16 15:37:25 +0900"
    },
    "done": true
  },
  "minecraft:recipes/redstone/birch_pressure_plate": {
    "criteria": {
      "has_planks": "2023-04-16 15:37:25 +0900"
    },
    "done": true
  },
  "minecraft:recipes/building_blocks/birch_slab": {
    "criteria": {
      "has_planks": "2023-04-16 15:37:25 +0900"
    },
    "done": true
  },
  "minecraft:recipes/building_blocks/birch_stairs": {
    "criteria": {
      "has_planks": "2023-04-16 15:37:25 +0900"
    },
    "done": true
  },
  "minecraft:husbandry/balanced_diet": {
    "criteria": {
      "carrot": "2023-04-17 22:01:02 +0900"
    },
    "done": false
  },
  "minecraft:husbandry/root": {
    "criteria": {
      "consumed_item": "2023-04-17 22:01:02 +0900"
    },
    "done": true
  },
  "minecraft:recipes/building_blocks/smooth_sandstone_stairs_from_smooth_sandstone_stonecutting": {
    "criteria": {
      "has_smooth_sandstone": "2023-04-18 19:53:21 +0900"
    },
    "done": true
  },
  "minecraft:recipes/building_blocks/smooth_sandstone_slab_from_smooth_sandstone_stonecutting": {
    "criteria": {
      "has_smooth_sandstone": "2023-04-18 19:53:21 +0900"
    },
    "done": true
  },
  "minecraft:recipes/building_blocks/smooth_sandstone_stairs": {
    "criteria": {
      "has_smooth_sandstone": "2023-04-18 19:53:21 +0900"
    },
    "done": true
  },
  "minecraft:recipes/building_blocks/smooth_sandstone_slab": {
    "criteria": {
      "has_smooth_sandstone": "2023-04-18 19:53:21 +0900"
    },
    "done": true
  },
  "minecraft:recipes/building_blocks/quartz_stairs": {
    "criteria": {
      "has_quartz_block": "2023-04-18 19:57:10 +0900"
    },
    "done": true
  },
  "minecraft:recipes/building_blocks/smooth_quartz": {
    "criteria": {
      "has_quartz_block": "2023-04-18 19:57:10 +0900"
    },
    "done": true
  },
  "minecraft:recipes/building_blocks/quartz_slab": {
    "criteria": {
      "has_quartz_block": "2023-04-18 19:57:10 +0900"
    },
    "done": true
  },
  "minecraft:recipes/building_blocks/chiseled_quartz_block": {
    "criteria": {
      "has_quartz_block": "2023-04-18 19:57:10 +0900"
    },
    "done": true
  },
  "minecraft:recipes/building_blocks/quartz_bricks": {
    "criteria": {
      "has_quartz_block": "2023-04-18 19:57:10 +0900"
    },
    "done": true
  },
  "minecraft:recipes/building_blocks/quartz_bricks_from_quartz_block_stonecutting": {
    "criteria": {
      "has_quartz_block": "2023-04-18 19:57:10 +0900"
    },
    "done": true
  },
  "minecraft:recipes/building_blocks/chiseled_quartz_block_from_quartz_block_stonecutting": {
    "criteria": {
      "has_quartz_block": "2023-04-18 19:57:10 +0900"
    },
    "done": true
  },
  "minecraft:recipes/building_blocks/quartz_pillar_from_quartz_block_stonecutting": {
    "criteria": {
      "has_quartz_block": "2023-04-18 19:57:10 +0900"
    },
    "done": true
  },
  "minecraft:recipes/building_blocks/quartz_slab_from_stonecutting": {
    "criteria": {
      "has_quartz_block": "2023-04-18 19:57:10 +0900"
    },
    "done": true
  },
  "minecraft:recipes/building_blocks/quartz_pillar": {
    "criteria": {
      "has_quartz_block": "2023-04-18 19:57:10 +0900"
    },
    "done": true
  },
  "minecraft:recipes/building_blocks/quartz_stairs_from_quartz_block_stonecutting": {
    "criteria": {
      "has_quartz_block": "2023-04-18 19:57:10 +0900"
    },
    "done": true
  },
  "minecraft:recipes/building_blocks/smooth_quartz_slab_from_smooth_quartz_stonecutting": {
    "criteria": {
      "has_smooth_quartz": "2023-04-18 19:57:12 +0900"
    },
    "done": true
  },
  "minecraft:recipes/building_blocks/smooth_quartz_slab": {
    "criteria": {
      "has_smooth_quartz": "2023-04-18 19:57:12 +0900"
    },
    "done": true
  },
  "minecraft:recipes/building_blocks/smooth_quartz_stairs": {
    "criteria": {
      "has_smooth_quartz": "2023-04-18 19:57:12 +0900"
    },
    "done": true
  },
  "minecraft:recipes/building_blocks/smooth_quartz_stairs_from_smooth_quartz_stonecutting": {
    "criteria": {
      "has_smooth_quartz": "2023-04-18 19:57:12 +0900"
    },
    "done": true
  },
  "minecraft:recipes/building_blocks/magenta_wool": {
    "criteria": {
      "has_white_wool": "2023-04-18 19:57:52 +0900"
    },
    "done": true
  },
  "minecraft:recipes/building_blocks/blue_wool": {
    "criteria": {
      "has_white_wool": "2023-04-18 19:57:52 +0900"
    },
    "done": true
  },
  "minecraft:recipes/building_blocks/light_blue_wool": {
    "criteria": {
      "has_white_wool": "2023-04-18 19:57:52 +0900"
    },
    "done": true
  },
  "minecraft:recipes/building_blocks/light_gray_wool": {
    "criteria": {
      "has_white_wool": "2023-04-18 19:57:52 +0900"
    },
    "done": true
  },
  "minecraft:recipes/building_blocks/red_wool": {
    "criteria": {
      "has_white_wool": "2023-04-18 19:57:52 +0900"
    },
    "done": true
  },
  "minecraft:recipes/building_blocks/purple_wool": {
    "criteria": {
      "has_white_wool": "2023-04-18 19:57:52 +0900"
    },
    "done": true
  },
  "minecraft:recipes/building_blocks/cyan_wool": {
    "criteria": {
      "has_white_wool": "2023-04-18 19:57:52 +0900"
    },
    "done": true
  },
  "minecraft:recipes/decorations/white_banner": {
    "criteria": {
      "has_white_wool": "2023-04-18 19:57:52 +0900"
    },
    "done": true
  },
  "minecraft:recipes/building_blocks/orange_wool": {
    "criteria": {
      "has_white_wool": "2023-04-18 19:57:52 +0900"
    },
    "done": true
  },
  "minecraft:recipes/building_blocks/pink_wool": {
    "criteria": {
      "has_white_wool": "2023-04-18 19:57:52 +0900"
    },
    "done": true
  },
  "minecraft:recipes/building_blocks/black_wool": {
    "criteria": {
      "has_white_wool": "2023-04-18 19:57:52 +0900"
    },
    "done": true
  },
  "minecraft:recipes/building_blocks/yellow_wool": {
    "criteria": {
      "has_white_wool": "2023-04-18 19:57:52 +0900"
    },
    "done": true
  },
  "minecraft:recipes/decorations/white_bed": {
    "criteria": {
      "has_white_wool": "2023-04-18 19:57:52 +0900"
    },
    "done": true
  },
  "minecraft:recipes/building_blocks/gray_wool": {
    "criteria": {
      "has_white_wool": "2023-04-18 19:57:52 +0900"
    },
    "done": true
  },
  "minecraft:recipes/decorations/white_carpet": {
    "criteria": {
      "has_white_wool": "2023-04-18 19:57:52 +0900"
    },
    "done": true
  },
  "minecraft:recipes/building_blocks/lime_wool": {
    "criteria": {
      "has_white_wool": "2023-04-18 19:57:52 +0900"
    },
    "done": true
  },
  "minecraft:recipes/building_blocks/green_wool": {
    "criteria": {
      "has_white_wool": "2023-04-18 19:57:52 +0900"
    },
    "done": true
  },
  "minecraft:recipes/building_blocks/brown_wool": {
    "criteria": {
      "has_white_wool": "2023-04-18 19:57:52 +0900"
    },
    "done": true
  },
  "minecraft:recipes/decorations/light_gray_bed": {
    "criteria": {
      "has_light_gray_wool": "2023-04-18 19:58:11 +0900"
    },
    "done": true
  },
  "minecraft:recipes/decorations/light_gray_banner": {
    "criteria": {
      "has_light_gray_wool": "2023-04-18 19:58:11 +0900"
    },
    "done": true
  },
  "minecraft:recipes/decorations/light_gray_carpet": {
    "criteria": {
      "has_light_gray_wool": "2023-04-18 19:58:11 +0900"
    },
    "done": true
  },
  "minecraft:recipes/building_blocks/muddy_mangrove_roots": {
    "criteria": {
      "has_mangrove_roots": "2023-04-18 20:02:32 +0900"
    },
    "done": true
  },
  "minecraft:recipes/decorations/white_glazed_terracotta": {
    "criteria": {
      "has_white_terracotta": "2023-04-18 22:28:16 +0900"
    },
    "done": true
  },
  "minecraft:recipes/decorations/brown_glazed_terracotta": {
    "criteria": {
      "has_brown_terracotta": "2023-04-18 22:28:26 +0900"
    },
    "done": true
  },
  "minecraft:recipes/decorations/lime_glazed_terracotta": {
    "criteria": {
      "has_lime_terracotta": "2023-04-18 23:10:53 +0900"
    },
    "done": true
  },
  "minecraft:recipes/building_blocks/mangrove_planks": {
    "criteria": {
      "has_logs": "2023-04-18 23:25:31 +0900"
    },
    "done": true
  },
  "minecraft:recipes/food/baked_potato_from_campfire_cooking": {
    "criteria": {
      "has_potato": "2023-04-20 19:14:54 +0900"
    },
    "done": true
  },
  "minecraft:recipes/food/baked_potato_from_smoking": {
    "criteria": {
      "has_potato": "2023-04-20 19:14:54 +0900"
    },
    "done": true
  },
  "minecraft:recipes/food/baked_potato": {
    "criteria": {
      "has_potato": "2023-04-20 19:14:54 +0900"
    },
    "done": true
  },
  "minecraft:husbandry/plant_seed": {
    "criteria": {
      "wheat": "2023-04-20 19:15:24 +0900"
    },
    "done": true
  },
  "minecraft:recipes/food/bread": {
    "criteria": {
      "has_wheat": "2023-04-20 19:26:32 +0900"
    },
    "done": true
  },
  "minecraft:recipes/building_blocks/hay_block": {
    "criteria": {
      "has_wheat": "2023-04-20 19:26:32 +0900"
    },
    "done": true
  },
  "minecraft:recipes/food/cooked_beef_from_smoking": {
    "criteria": {
      "has_beef": "2023-04-20 19:31:25 +0900"
    },
    "done": true
  },
  "minecraft:recipes/food/cooked_beef": {
    "criteria": {
      "has_beef": "2023-04-20 19:31:25 +0900"
    },
    "done": true
  },
  "minecraft:recipes/food/cooked_beef_from_campfire_cooking": {
    "criteria": {
      "has_beef": "2023-04-20 19:31:25 +0900"
    },
    "done": true
  },
  "minecraft:recipes/food/cooked_porkchop": {
    "criteria": {
      "has_porkchop": "2023-04-20 19:31:26 +0900"
    },
    "done": true
  },
  "minecraft:recipes/food/cooked_porkchop_from_campfire_cooking": {
    "criteria": {
      "has_porkchop": "2023-04-20 19:31:26 +0900"
    },
    "done": true
  },
  "minecraft:recipes/food/cooked_porkchop_from_smoking": {
    "criteria": {
      "has_porkchop": "2023-04-20 19:31:26 +0900"
    },
    "done": true
  },
  "minecraft:recipes/food/cooked_mutton_from_smoking": {
    "criteria": {
      "has_mutton": "2023-04-20 19:31:28 +0900"
    },
    "done": true
  },
  "minecraft:recipes/food/cooked_mutton": {
    "criteria": {
      "has_mutton": "2023-04-20 19:31:28 +0900"
    },
    "done": true
  },
  "minecraft:recipes/food/cooked_mutton_from_campfire_cooking": {
    "criteria": {
      "has_mutton": "2023-04-20 19:31:28 +0900"
    },
    "done": true
  },
  "minecraft:recipes/food/cooked_chicken_from_campfire_cooking": {
    "criteria": {
      "has_chicken": "2023-04-20 19:31:51 +0900"
    },
    "done": true
  },
  "minecraft:recipes/food/cooked_chicken": {
    "criteria": {
      "has_chicken": "2023-04-20 19:31:51 +0900"
    },
    "done": true
  },
  "minecraft:recipes/food/cooked_chicken_from_smoking": {
    "criteria": {
      "has_chicken": "2023-04-20 19:31:51 +0900"
    },
    "done": true
  },
  "minecraft:recipes/food/cooked_salmon_from_smoking": {
    "criteria": {
      "has_salmon": "2023-04-20 19:32:09 +0900"
    },
    "done": true
  },
  "minecraft:recipes/food/cooked_salmon_from_campfire_cooking": {
    "criteria": {
      "has_salmon": "2023-04-20 19:32:09 +0900"
    },
    "done": true
  },
  "minecraft:recipes/food/cooked_salmon": {
    "criteria": {
      "has_salmon": "2023-04-20 19:32:09 +0900"
    },
    "done": true
  },
  "minecraft:recipes/food/cooked_cod_from_smoking": {
    "criteria": {
      "has_cod": "2023-04-20 19:32:24 +0900"
    },
    "done": true
  },
  "minecraft:recipes/food/cooked_cod_from_campfire_cooking": {
    "criteria": {
      "has_cod": "2023-04-20 19:32:24 +0900"
    },
    "done": true
  },
  "minecraft:recipes/food/cooked_cod": {
    "criteria": {
      "has_cod": "2023-04-20 19:32:24 +0900"
    },
    "done": true
  },
  "minecraft:recipes/misc/red_dye_from_beetroot": {
    "criteria": {
      "has_beetroot": "2023-04-20 19:34:39 +0900"
    },
    "done": true
  },
  "minecraft:recipes/food/beetroot_soup": {
    "criteria": {
      "has_beetroot": "2023-04-20 19:34:39 +0900"
    },
    "done": true
  },
  "DataVersion": 3337
}