{"stats":{"minecraft:picked_up":{"minecraft:wheat":40,"minecraft:enchanted_book":3,"minecraft:smooth_stone_slab":4,"minecraft:beetroot":37,"minecraft:beef":2,"minecraft:written_book":3,"minecraft:farmland":1,"minecraft:carrot":713,"minecraft:command_block":1,"minecraft:decorated_pot":3,"minecraft:beetroot_seeds":69,"minecraft:white_terracotta":1,"minecraft:potato":273,"minecraft:birch_planks":2,"minecraft:dirt":2,"minecraft:stripped_birch_log":2,"minecraft:wheat_seeds":89,"minecraft:stone_hoe":4,"minecraft:book":41,"minecraft:poisonous_potato":2,"minecraft:shulker_box":1},"minecraft:dropped":{"minecraft:stone_hoe":9,"minecraft:birch_planks":2,"minecraft:wheat_seeds":28,"minecraft:warped_fungus":17,"minecraft:large_amethyst_bud":5,"minecraft:poisonous_potato":2,"minecraft:glow_berries":6,"minecraft:command_block":1,"minecraft:dirt":2,"minecraft:mutton":6,"minecraft:stripped_birch_log":2,"minecraft:chain":1,"minecraft:farmland":1,"minecraft:nether_wart":10,"minecraft:smooth_stone_slab":4,"minecraft:wheat":35,"minecraft:beetroot":35,"minecraft:white_terracotta":1,"minecraft:jungle_trapdoor":1,"minecraft:shulker_box":1,"minecraft:carrot":411,"minecraft:potato":166,"minecraft:spruce_trapdoor":1,"minecraft:beetroot_seeds":15,"minecraft:acacia_slab":1,"minecraft:beef":3,"minecraft:written_book":3},"minecraft:used":{"minecraft:azalea":2,"minecraft:oak_fence":77,"minecraft:oak_trapdoor":63,"minecraft:cherry_sapling":15,"minecraft:writable_book":2,"minecraft:cherry_wood":10,"minecraft:light_gray_stained_glass_pane":13,"minecraft:armor_stand":10,"minecraft:spruce_slab":34,"minecraft:carrot_on_a_stick":2,"minecraft:poppy":4,"minecraft:ladder":7,"minecraft:spruce_planks":87,"minecraft:white_concrete_powder":2,"minecraft:decorated_pot":14,"minecraft:chest":6,"minecraft:white_terracotta":2,"minecraft:farmland":54,"minecraft:mangrove_fence":18,"minecraft:grass":85,"minecraft:player_head":7,"minecraft:structure_block":58,"minecraft:stone_hoe":318,"minecraft:bamboo_door":3,"minecraft:netherrack":9,"minecraft:oak_door":6,"minecraft:debug_stick":34,"minecraft:brewing_stand":5,"minecraft:dirt":90,"minecraft:red_nether_brick_slab":17,"minecraft:white_carpet":49,"minecraft:brick_slab":105,"minecraft:spruce_stairs":62,"minecraft:carrot":174,"minecraft:jungle_slab":6,"minecraft:deepslate_tile_slab":7,"minecraft:nether_brick_slab":377,"minecraft:acacia_sapling":39,"minecraft:tuff":41,"minecraft:jungle_trapdoor":35,"minecraft:glow_lichen":6,"minecraft:beehive":5,"minecraft:spruce_fence":8,"minecraft:nether_brick_stairs":213,"minecraft:oak_fence_gate":39,"minecraft:shroomlight":10,"minecraft:jungle_sapling":67,"minecraft:glass":10,"minecraft:brown_terracotta":2,"minecraft:stone_brick_slab":7,"minecraft:flowering_azalea":11,"minecraft:chipped_anvil":1,"minecraft:bricks":18,"minecraft:bookshelf":22,"minecraft:light_gray_stained_glass":6,"minecraft:red_wool":8,"minecraft:lantern":12,"minecraft:grass_block":62,"minecraft:oak_stairs":66,"minecraft:birch_sapling":41,"minecraft:brick_stairs":79,"minecraft:acacia_slab":19,"minecraft:smooth_sandstone":15,"minecraft:crimson_slab":11,"minecraft:quartz_block":1,"minecraft:warped_nylium":4,"minecraft:polished_blackstone_brick_stairs":8,"minecraft:dark_oak_slab":2,"minecraft:smooth_quartz":4,"minecraft:stone_brick_stairs":39,"minecraft:barrel":17,"minecraft:light_gray_wool":1,"minecraft:birch_trapdoor":8,"minecraft:glowstone":25,"minecraft:raw_copper_block":8,"minecraft:magma_block":8,"minecraft:lime_concrete":1,"minecraft:brown_carpet":23,"minecraft:warped_fungus":2,"minecraft:written_book":5,"minecraft:scaffolding":11,"minecraft:mangrove_roots":1,"minecraft:oak_sapling":100,"minecraft:furnace":1,"minecraft:deepslate_tile_stairs":18,"minecraft:mangrove_slab":21,"minecraft:beetroot_seeds":33,"minecraft:skeleton_skull":3,"minecraft:potato":72,"minecraft:observer":3,"minecraft:seagrass":7,"minecraft:dark_oak_sapling":77,"minecraft:calcite":13,"minecraft:wheat_seeds":42,"minecraft:bamboo_trapdoor":15,"minecraft:dark_oak_stairs":26,"minecraft:water_bucket":6,"minecraft:chiseled_bookshelf":44,"minecraft:torchflower":3,"minecraft:dirt_path":183,"minecraft:spruce_door":16,"minecraft:lodestone":17,"minecraft:snow_block":8,"minecraft:birch_planks":2,"minecraft:stripped_birch_log":8,"minecraft:oak_planks":625,"minecraft:mud_brick_slab":146,"minecraft:cartography_table":2,"minecraft:redstone_block":71,"minecraft:cauldron":2,"minecraft:stonecutter":4,"minecraft:oak_leaves":4,"minecraft:bamboo_stairs":3,"minecraft:white_wool":12,"minecraft:stripped_mangrove_wood":2,"minecraft:polished_deepslate_slab":42,"minecraft:dark_oak_trapdoor":1,"minecraft:lime_terracotta":3,"minecraft:mangrove_trapdoor":8,"minecraft:vine":321,"minecraft:oak_slab":66,"minecraft:dark_prismarine_slab":81,"minecraft:crafting_table":3,"minecraft:red_bed":3,"minecraft:campfire":2,"minecraft:gray_concrete":1,"minecraft:smoker":1,"minecraft:spruce_log":15,"minecraft:mushroom_stem":4,"minecraft:book":75,"minecraft:oak_log":491,"minecraft:flower_pot":15,"minecraft:cornflower":8,"minecraft:mangrove_door":18,"minecraft:stripped_jungle_log":3,"minecraft:dark_oak_log":4,"minecraft:command_block":14,"minecraft:string":5,"minecraft:barrier":4,"minecraft:lectern":9,"minecraft:jungle_stairs":4,"minecraft:red_terracotta":38,"minecraft:spruce_trapdoor":67,"minecraft:iron_door":2,"minecraft:bamboo_slab":3,"minecraft:spruce_sapling":124,"minecraft:flowering_azalea_leaves":9,"minecraft:crimson_nylium":7,"minecraft:soul_lantern":1,"minecraft:pink_petals":928,"minecraft:torchflower_seeds":9,"minecraft:enchanted_book":12,"minecraft:crimson_fungus":3,"minecraft:cobblestone":30,"minecraft:azalea_leaves":60,"minecraft:crimson_stairs":2,"minecraft:smithing_table":7,"minecraft:dark_oak_fence":8,"minecraft:white_stained_glass":108,"minecraft:crimson_door":1,"minecraft:chain_command_block":1,"minecraft:chain":60,"minecraft:glass_pane":51,"minecraft:smooth_stone_slab":54,"minecraft:brush":2,"minecraft:stripped_oak_log":162,"minecraft:dandelion":8,"minecraft:bamboo_mosaic_slab":17,"minecraft:bone_meal":320},"minecraft:mined":{"minecraft:carrots":147,"minecraft:potatoes":60,"minecraft:wheat":35,"minecraft:beetroots":26},"minecraft:custom":{"minecraft:interact_with_smithing_table":3,"minecraft:interact_with_crafting_table":4,"minecraft:open_barrel":48,"minecraft:leave_game":31,"minecraft:time_since_death":42748,"minecraft:climb_one_cm":21612,"minecraft:sprint_one_cm":1709805,"minecraft:walk_one_cm":1293810,"minecraft:drop":160,"minecraft:play_time":1981598,"minecraft:deaths":1,"minecraft:sneak_time":29664,"minecraft:jump":14153,"minecraft:interact_with_brewingstand":11,"minecraft:walk_on_water_one_cm":3181,"minecraft:total_world_time":4895019,"minecraft:interact_with_furnace":1,"minecraft:pot_flower":9,"minecraft:interact_with_stonecutter":1,"minecraft:time_since_rest":42772,"minecraft:damage_taken":30,"minecraft:damage_dealt":148,"minecraft:fly_one_cm":8931171,"minecraft:open_chest":51,"minecraft:crouch_one_cm":45564,"minecraft:interact_with_smoker":3,"minecraft:fall_one_cm":9581}},"DataVersion":3337}